"选手ID","国籍","队伍","位置","年龄","TI次数"
"twiSta","Albania","","Support","","0"
"DDX-","Argentina","","Mid","35","0"
"Hermit","Argentina","","Offlane","24","0"
"wij","Argentina","","Support","32","0"
"Bruno","Argentina","","Other","","0"
"Andros","Australia","1620 Kings","Support","","0"
"Calvin","Australia","","Support","","0"
"Loski","Australia","","Mid","","0"
"Matino","Australia","","Support","","0"
"RogerDodger","Australia","","Support","","0"
"SLiCKz","Australia","","Mid","","0"
"Snoopy","Australia","","Support","","1"
"Splicko","Australia","","Carry","","0"
"TEKCOR","Australia","","Offlane","","0"
"Velo","Australia, South Korea","","Offlane","31","0"
"XemistrY","Australia","","Mid","","0"
"ana","Australia","","Carry","26","3"
"balla","Australia","","Carry","","0"
"cas158","Australia","","Support","","0"
"lordboonz","Australia","","Support","","0"
"miggeL.Z","Australia, Philippines","","Mid","","0"
"r1sk","Australia","","Support","","0"
"rin","Australia","","Support","","0"
"shatan","Australia","","Support","","1"
"xMusiCa","Australia, Singapore","","Other","35","1"
"xRag","Australia, Philippines","","Support","30","0"
"Basskip","Australia, South Africa","","Other","33","0"
"Cognus","Australia","","Other","","0"
"Danelie","Australia","","Other","","0"
"GoDz","Australia","","Other","36","0"
"Godot","Australia","","Offlane","34","1"
"Poglet","Australia","","Other","","0"
"TobiWan","Australia, United Kingdom","","Other","41","0"
"kpii","Australia","Aurora Gaming","Coach","33","6"
"Tobi","Austria","","Carry5","29","3"
"Ainkrad","Belarus","Level UP","Mid","26","0"
"Astral","Belarus","","Support","28","0"
"Ergon","Belarus","","Mid","","0"
"Fishman","Belarus","Nemiga Gaming","Carry5","30","3"
"HappyDyurara","Belarus","","Support","28","0"
"Hellscream","Belarus","Virtus.pro","Support","25","0"
"Jackal","Belarus","","Carry","","0"
"Killomancer","Belarus","","Support","28","0"
"Mastery","Belarus","","Offlane","27","0"
"Moonlight","Belarus","","Carry","","0"
"OneJey","Belarus","","Support","21","0"
"Palantimos","Belarus","","Carry","29","0"
"RESPECT","Belarus","L1GA TEAM","Carry5","25","2"
"Smiling Knight","Belarus","","Carry","25","1"
"Sunlight","Belarus","","Support","30","0"
"chshrct","Belarus","","Offlane","35","0"
"dizzying","Belarus","","Carry","26","0"
"foryou","Belarus","","Mid","23","0"
"ififall","Belarus","","Offlane","24","0"
"klassnokruto","Belarus","SIBE Team","Offlane","26","0"
"kur0patbI4","Belarus","","Support","25","0"
"panto","Belarus","MOUZ","Carry4","27","1"
"pio65","Belarus","","Carry","26","0"
"so bad","Belarus","","Support","30","0"
"sohy","Belarus","SIBE Team","Support","28","0"
"wejustzik","Belarus","","Support","34","0"
"young G","Belarus","Nemiga Gaming","Mid","25","0"
"zxc","Belarus","","Carry","","0"
"Ряф^^","Belarus","","Mid","24","0"
"Fng","Belarus","","Support","30","3"
"Mila","Belarus","","Other","35","0"
"RoMaLL1Ka","Belarus","","Coach","34","0"
"j4","Belarus","Power Rangers","Coach","34","1"
"Davai","Belgium, United States","Nigma Galaxy","Offlane","26","2"
"BlackSoul","Bolivia","","Mid","27","0"
"Lissex","Bolivia","","Offlane","27","0"
"Michael-","Bolivia","","Support","27","0"
"Mingatte","Bolivia","","Support","25","0"
"Oscar","Bolivia","Amaru Gaming","Offlane","32","0"
"Tano","Bolivia","","Mid","","0"
"Wisper","Bolivia, Argentina","LGD Gaming","Mid","24","6"
"MiLAN","Bosnia and Herzegovina, Serbia","Team Spirit","Coach","31","2"
"444","Brazil","","Support","31","0"
"4dr","Brazil","","Mid","33","1"
"4nalog","Brazil","","Mid","25","4"
"Arms","Brazil","","Carry","30","0"
"Baga","Brazil","","Support","32","0"
"Costabile","Brazil","","Carry","31","2"
"Duster","Brazil","","Support","26","1"
"Gambling","Brazil","","Support","","0"
"KJ","Brazil","LGD Gaming","Carry5","26","5"
"Klotz22","Brazil","","Carry","","0"
"LTH","Brazil","","Support","30","0"
"Lanaro","Brazil","","Mid","26","0"
"Lelis","Brazil, United States","","Support","29","4"
"Mandy","Brazil","","Carry","27","0"
"NS-ART","Brazil","","Offlane","","0"
"Nedbone","Brazil","","Support","","0"
"PAADA","Brazil","paiN Gaming","Support","37","0"
"Rayuur","Brazil","","Mid","27","0"
"RdO","Brazil","","Support","24","0"
"SexyFat","Brazil","","Offlane","23","0"
"Sooths","Brazil","","Mid","","0"
"Therence","Brazil","","Carry","31","0"
"Thiolicor","Brazil","LGD Gaming","Carry4","27","3"
"Yanbura","Brazil","","Support","25","0"
"bardo","Brazil","","Support","","0"
"c4t","Brazil","","Support","33","0"
"dunha1","Brazil","","Support","31","0"
"hFn","Brazil","","Carry","28","1"
"hyko","Brazil","","Offlane","26","0"
"mini","Brazil","","Carry","26","0"
"murdOc","Brazil","","Mid","","0"
"nuages","Brazil","","Support","30","0"
"pimpolho","Brazil","","Support","32","0"
"tavo","Brazil","","Offlane","31","2"
"Aedrons","Brazil","","Other","","0"
"Bego","Brazil","","Other","36","0"
"Flytable","Brazil","","Other","45","0"
"H1j4ck","Brazil","","Coach","30","0"
"Jupiter","Brazil","Avalanche eSports","Coach","28","0"
"Kingrd","Brazil","","Coach","34","2"
"Leonardo LML","Brazil","","Other","40","0"
"Lil_kin6","Brazil","","Support","30","0"
"Luiziin","Brazil","","Other","36","0"
"dpms","Brazil","MOUZ","Coach","25","0"
"fcr","Brazil","LGD Gaming","Coach","25","1"
"oldR","Brazil","","Coach","33","0"
"Bashruk","Bulgaria","","Support","29","0"
"CTOMAHEH1","Bulgaria","","Support","31","0"
"Kikoni","Bulgaria","","Mid","","0"
"Mastermind","Bulgaria","","Mid","29","0"
"Nikobaby","Bulgaria","","Carry","29","2"
"SlashStrike","Bulgaria","","Mid","","0"
"bzm","Bulgaria","1w Team","Mid","21","3"
"lil pleb","Bulgaria","","Carry","27","0"
"MinD_ContRoL","Bulgaria","REKONIX","Coach","31","5"
"1437","Canada","","Support","32","5"
"Arteezy","Canada, Uzbekistan","","Carry","30","9"
"B","Canada","","Support","","1"
"Bryle","Canada","","Mid","25","3"
"EternaLEnVy","Canada","","Carry","35","5"
"Froogoss","Canada","","Support","","0"
"Jeyo","Canada, Philippines","","Support","33","1"
"Jubei","Canada","","Support","","0"
"OmegaPwner","Canada, China","","Offlane","","0"
"Papatooty","Canada, Lebanon","","Mid","","0"
"PatSoul","Canada, China","","Offlane","","0"
"Raylalisa","Canada","","Mid","","0"
"TC","Canada","","Carry","34","3"
"TingleK1ng","Canada","","Offlane","","0"
"Vol","Canada","","Mid","","0"
"Zore","Canada","","Offlane","27","0"
"boris","Canada","","Support","29","0"
"brink","Canada","","Mid","","0"
"high_shaggy","Canada, Pakistan","","Mid","26","0"
"iAnnihilate","Canada","","Mid","32","0"
"lukiluki","Canada","","Offlane","28","0"
"pingu","Canada","","Support","26","0"
"xuan","Canada, China","","Support","","0"
"Aui_2000","Canada","Team Falcons","Coach","33","4"
"Conrad","Canada","","Other","","0"
"Fronz","Canada","","Other","","0"
"MoonMeander","Canada, Malaysia","1w Team","Coach","34","4"
"Waytosexy","Canada, Vietnam","","Coach","32","2"
"555","Chile","","Support","26","0"
"Moonlight","Chile","","Support","29","0"
"290","China","","Mid","","0"
"7e","China","","Mid","25","1"
"820","China","Old Boys","Support","36","1"
"876","China","","Support","31","0"
"897","China","","Mid","29","0"
"928","China","","Support","28","0"
"ASD","China","","Carry","27","0"
"Agressif","China","","Carry","34","3"
"Air","China","","Mid","","0"
"Ame","China","Xtreme Gaming","Carry","29","8"
"Aq","China","","Mid","26","0"
"Ash","China","","Mid","27","0"
"shadow","China","","Carry","29","1"
"Awoke","China","","Support","38","2"
"Ayo","China","","Support","32","0"
"Ayunid","China","","Offlane","30","0"
"Beyond","China","","Offlane","30","2"
"BinGo","China","","Offlane","","0"
"BoBoKa","China","Team Refuser","Carry4","29","6"
"ButterflyEffect","China","","Mid","29","0"
"CatYou","China","","Support","27","0"
"Chalice","China","","Offlane","27","4"
"Chao","China","","Mid","","0"
"ChaoYue","China","","Carry","30","0"
"Chola","China","","Support","24","0"
"Cookie bear","China","","Offlane","","0"
"Cty","China","","Carry","31","1"
"Cy","China","","Support","33","0"
"DD","China","Old Boys","Support","35","4"
"DDR","China","","Support","33","0"
"Dev1ce","China","","Offlane","28","0"
"Django","China","","Support","32","0"
"Docres","China","","Support","30","0"
"Downtown Baby","China","","Mid","31","0"
"DreamyU","China","","Support","","0"
"Drink","China","","Support","27","0"
"Dstones","China","","Mid","30","0"
"Dust","China","","Carry","27","0"
"Dy","China","","Carry5","29","3"
"Echo","China","Team Resilience","Mid","25","1"
"Emo","China","Yakult Brothers","Mid","25","2"
"Erika","China","Team Resilience","Carry","26","3"
"Eve","China","","Carry","29","0"
"FaN","China","","Carry","","0"
"Faith_bian","China","Vici Gaming","Offlane","28","5"
"Ferrari_430","China","","Mid","36","5"
"Flyby","China","","Offlane","29","1"
"Fonte","China","","Carry","29","0"
"Frisk","China","","Support","30","2"
"GOD_Z","China, Canada","","Support","34","0"
"Garder","China","","Support","37","1"
"Han","China","","Mid","25","0"
"Hao","China","Old Boys","Carry","36","6"
"Hara","China","","Support","30","0"
"Hmx","China","","Carry","32","0"
"HuiHui","China","","Support","30","0"
"Hy","China","","Support","32","0"
"Hym","China","","Support","28","0"
"ISI","China","","Carry","28","0"
"Icy","China","","Support","35","1"
"InJuly","China","","Offlane","33","1"
"Inflame","China","","Offlane","33","1"
"Irving","China","","Offlane","27","0"
"J","China","Xtreme Gaming","Carry","28","0"
"JiaJia","China","","Carry","30","0"
"Jin","China","","Other","","0"
"Jixing","China","Team Serenity","Offlane","32","0"
"Just","China","","Carry","28","0"
"Kagome","China","","Carry","27","0"
"Kaka","China","Yakult Brothers","Carry4","33","6"
"Kamma","China","","Carry","29","1"
"Kazz","China","","Support","31","0"
"KingJ","China","","Offlane","37","2"
"Ksssssss","China","","Other","","1"
"L'enfer, c'est les autres","China","","Carry","25","0"
"Last","China","","Support","29","0"
"Lin","China","","Carry","30","1"
"LongDD","China","Old Boys","Support","38","1"
"LongGGG","China","","Offlane","","0"
"Lou","China","Yakult Brothers","Carry","24","1"
"LuLu^^","China","","Carry","","0"
"Lww","China","","Support","27","0"
"Lwy","China","","Offlane","31","0"
"M77","China","","Carry","","0"
"MMY!","China","","Support","36","6"
"Manic","China","","Carry","25","0"
"Meliodas","China","","Offlane","29","0"
"MelodyLovers","China","","Support","36","0"
"Mercy","China","","Support","29","0"
"Mofi","China","","Other","","0"
"Monet","China","Team Refuser","Carry","26","5"
"Moogy","China","","Carry","32","2"
"Ms","China","","Support","27","0"
"Mu","China","Old Boys","Mid","36","5"
"NeaR","China","","Support","","0"
"NeverEnd","China","","Carry","36","2"
"Nono","China","","Mid","","1"
"Ori","China","","Mid","31","4"
"Origami","China","","Support","","0"
"Outside","China","","Support","30","1"
"PCT","China","","Offlane","","1"
"Paparazi灬","China","Team Refuser","Mid","30","4"
"Piao","China","","Mid","30","0"
"PrettyHaw","China","","Support","33","0"
"Protoss","China","","Support","","0"
"Puer tea","China","","Carry","","0"
"Pyw","China","Team Refuser","Carry4","31","2"
"Q","China","","Carry4","33","3"
"QAZ","China","","Support","33","0"
"RAI","China","","Offlane","","0"
"Rabbit","China","","Carry","","2"
"Ran","China","","Support","","0"
"RanFuDao","China","","Support","25","0"
"RedPanda","China","","Support","30","0"
"Rico","China","","Support","27","0"
"Rong","China","","Support","","0"
"Sakata","China","","Mid","31","1"
"SangSang","China","","Support","30","0"
"September","China","","Support","31","0"
"Setsu","China","","Mid","27","1"
"Shaker","China","","Support","","0"
"Shiki","China","","Mid","33","1"
"Shining","China","The Last Dark","Offlane","27","0"
"Small.Kk","China","","Mid","25","0"
"Sober","China","","Support","30","0"
"Somnus","China","Azure Ray","Mid","30","8"
"Son Goku","China","","Offlane","31","1"
"Srf","China","","Offlane","28","1"
"SryFox","China","","Offlane","","0"
"Storm","China","","Mid","31","0"
"Summer","China","","Carry","27","0"
"Sylar","China","","Carry","32","5"
"TK","China","","Support","25","0"
"Tone","China","","Support","","0"
"TuTu","China","","Carry","","0"
"Ty","China","","Support","28","0"
"Tz.","China","","Carry","28","0"
"Tzy丶","China","","Offlane","32","0"
"Ulu","China","","Carry","23","0"
"Undyne","China","","Support","25","0"
"Waixi","China","","Support","29","0"
"White丶Album","China","","Mid","28","1"
"Wizard","China","","Offlane","27","0"
"XCJ","China","","Support","31","1"
"XDD","China","","Support","","0"
"Xi","China","","Support","35","3"
"XiaoXiaoSala","China","","Support","","0"
"XinQ","China","Vici Gaming","Carry4","28","6"
"Xm","China","Vici Gaming","Mid","27","3"
"Xwy","China","","Mid","27","1"
"Xxs","China","Xtreme Gaming","Offlane","26","7"
"Xyz","China","","Offlane","29","0"
"YRG","China","","Mid","32","0"
"YYF","China","Old Boys","Offlane","39","3"
"Yang","China","Team Refuser","Offlane","29","3"
"YaphetS","China","","Mid","36","0"
"Yds.","China","","Support","28","0"
"Yif","China","","Support","31","0"
"Yin","China","","Mid","","0"
"Yp","China","","Support","30","0"
"ZSMJ","China","Old Boys","Carry","36","0"
"ZeroPerfect","China","","Offlane","33","0"
"Zhen_Xshen","China","","Support","34","0"
"Zhou","China","Old Boys","Carry","36","3"
"Zyd","China","","Mid","","1"
"black.z","China","","Carry","","0"
"bobo","China","","Carry","28","0"
"carrot","China","","Offlane","","0"
"csj","China","","Offlane","25","0"
"dark","China","","Support","","1"
"destiny","China","","Support","","0"
"detachment","China","","Support","26","0"
"dolem","China","","Offlane","28","0"
"doodle","China","","Carry","30","0"
"eGo","China","","Carry","25","0"
"ex","China","","Mid","29","0"
"flyfly","China","","Carry","29","3"
"fy","China","Xtreme Gaming","Carry4","31","8"
"ghost","China","","Offlane","","0"
"goking","China","","Support","","0"
"guoguo","China","","Support","31","0"
"iceice","China","","Carry4","30","1"
"idc","China","","Carry","30","0"
"imitator","China","","Support","27","0"
"kaidou","China","","Offlane","","0"
"longb","China","","Support","33","0"
"loveyouloveme","China","","Mid","","0"
"lt","China","","Support","34","0"
"maomao","China","","Mid","","0"
"marlin","China","","Support","","0"
"molasses","China","","Offlane","31","0"
"mool","China","","Offlane","31","0"
"niu","China","Team Resilience","Offlane","25","2"
"old chicken","China","","Mid","33","2"
"old eLeVeN","China","","Offlane","30","5"
"once.","China","","Carry","27","0"
"phoenix","China","","Mid","28","0"
"planet","China","Team Resilience","Carry4","28","3"
"pp","China","","Mid","28","0"
"qianqian","China","","Offlane","","0"
"qyqx","China","","Support","28","0"
"sheep","China","","Support","24","0"
"shiro","China","Vici Gaming","Carry","25","3"
"sj","China","","Support","30","0"
"sss","China","","Carry","32","0"
"strawberry","China","","Support","30","0"
"sugar baby","China","","Support","31","0"
"xiaofu","China","","Offlane","29","0"
"xixi","China","","Support","","0"
"xy-","China","","Mid","","0"
"yChen","China","","Mid","30","0"
"y`","China","Vici Gaming","Carry5","28","6"
"yoona","China","","Support","31","0"
"yxb","China","","Support","","0"
"yxm","China","","Mid","","0"
"zc","China","","Mid","31","0"
"zhi!","China","","Offlane","33","0"
"zone-","China","","Mid","28","0"
"zzq","China","Team Resilience","Carry5","28","2"
"三无marblue","China","","Carry","25","0"
"冬","China","","Carry","23","0"
"圣子华炼","China","","Carry","28","0"
"垃圾君","China","","Support","","0"
"天命","China","Yakult Brothers","Carry5","30","1"
"惊魂chen","China","","Offlane","29","0"
"生死","China","","Offlane","28","0"
"白也","China","","Carry","29","0"
"皮球","China","","Carry5","30","1"
"闷油瓶","China","","Support","31","0"
"阿香","China","","Support","31","0"
"项羽","China","Yakult Brothers","Offlane","22","0"
"鱼王","China","","Support","30","0"
"2009","China","","Mid","39","0"
"5400","China","","Other","32","0"
"71","China","","Coach","45","0"
"78","China","","Other","36","0"
"86","China","","Coach","34","0"
"@dogf1ghts","China","","Coach","30","1"
"Banana","China","","Coach","39","5"
"BurNIng","China","","Coach","38","5"
"Chisbug","China","","Coach","37","0"
"DoDo","China","","Coach","33","0"
"Faith","China","","Coach","34","7"
"Fenrir","China","","Coach","37","4"
"Fyms","China","","Other","38","0"
"God_7","China","","Coach","33","0"
"Kabu","China","","Coach","34","3"
"Key","China","","Coach","38","1"
"Kiko","China","","Other","27","0"
"LaNm","China","Xtreme Gaming","Coach","36","9"
"Li","China","","Coach","","0"
"Lpc","China","","Coach","36","0"
"Mikasa","China","","Coach","39","1"
"Mrrr","China","","Other","31","0"
"Op","China","","Coach","34","1"
"QQQ","China","","Coach","40","3"
"SanSheng","China","Old Boys","Coach","37","5"
"Sccc","China","","Carry","30","2"
"Super","China","Team Resilience","Coach","33","6"
"Xtt","China","","Coach","","0"
"Xz","China","","Coach","33","1"
"Yao","China","Vici Gaming","Coach","35","6"
"ZippO","China","Old Boys","Coach","","1"
"bLink","China","","Coach","34","1"
"rOtK","China","","Coach","34","4"
"super","China","","Coach","36","1"
"xiao8","China","","Coach","37","6"
"dnz","Croatia","","Support","31","0"
"Lacoste","Croatia","","Offlane","38","2"
"Mitch","Croatia","Zero Tenacity","Coach","34","0"
"vandersar","Croatia, Ukraine","","Other","28","0"
"Ade","Czechia","","Offlane","30","0"
"BOOM","Czechia","MOUZ","Offlane","26","1"
"CURRY","Czechia","","Carry","29","0"
"Mambos","Czechia","","Mid","29","0"
"Muf","Czechia","","Support","27","0"
"Offak","Czechia","","Support","","0"
"SabeRLight-","Czechia","Virtus.pro","Offlane","25","4"
"Sehny","Czechia","DGG Esports","Support","35","0"
"Supream^","Czechia","","Mid","25","0"
"Tipek","Czechia","","Offlane","29","0"
"craNich","Czechia","","Support","","1"
"profheadshot","Czechia","","Carry","","0"
"Ace","Denmark","Team Liquid","Offlane","32","6"
"Balsam","Denmark","","Carry","34","1"
"Biver","Denmark","","Support","29","0"
"Cr1t-","Denmark","Team Falcons","Carry4","30","10"
"HesteJoe-Rotten","Denmark","","Offlane","35","0"
"Hyac","Denmark","","Support","","0"
"Link","Denmark","","Carry","34","1"
"MaNia","Denmark","","Support","41","1"
"Noia","Denmark","","Support","37","0"
"OwnedMe","Denmark","","Offlane","29","0"
"PlaymatE","Denmark","","Other","37","1"
"Ryze","Denmark","","Support","37","1"
"Solen","Denmark","","Support","34","0"
"miGGel","Denmark","","Offlane","38","1"
"slahser","Denmark","","Support","","0"
"unicornxoxo","Denmark","","Carry","","0"
"13abyKnight","Denmark","Cloud9","Mid","34","0"
"MISERY","Denmark","","Coach","35","7"
"Maelk","Denmark","","Support","40","2"
"N0tail","Denmark, Faroe Islands","","Coach","32","8"
"syndereN","Denmark","","Support","36","4"
"Sebas","Ecuador","","Mid","22","0"
"sl4d1n-","Ecuador","Infamous","Support","","0"
"Ankou ♡","Estonia","RE Arise","Offlane","25","0"
"Puppey","Estonia","PARIVISION","Coach","36","11"
"Buugi","Finland","","Offlane","32","0"
"Lapiz","Finland","","Other","","0"
"MATUMBAMAN","Finland","","Carry","31","6"
"MTD","Finland","","Mid","25","0"
"Niqua","Finland, Sweden","","Offlane","33","0"
"Notah","Finland","","Support","","0"
"Ouker","Finland","","Carry","","0"
"Peksu","Finland","","Support","30","0"
"Sifla","Finland","","Other","","0"
"Spin","Finland","","Other","","0"
"Topson","Finland","LGD Gaming","Mid","28","6"
"Trixi","Finland","","Offlane","36","2"
"Vaalix","Finland","","Support","30","0"
"mrls","Finland, Russia","","Support","20","0"
"nemphy","Finland","","Mid","29","0"
"JerAx","Finland","","Coach","34","5"
"okcya","Finland","","Coach","34","0"
"Carn","France","","Carry","","0"
"Ceb","France, Lebanon","","Support","34","4"
"Dayshi","France","","Support","32","0"
"Funzii","France","","Mid","","1"
"Joraal","France","","Carry","32","0"
"Tib","France","","Offlane","","0"
"marSu","France","","Offlane","37","0"
"Hugo","France","","Support","36","0"
"Sockshka","France","","Coach","33","2"
"Nande","Georgia","","Carry","24","0"
"W1sh-","Georgia","","Mid","28","0"
"5up","Germany, Tunisia","","Support","25","0"
"Atze","Germany","","Support","","0"
"Blazemon","Germany","","Mid","30","0"
"Copy","Germany","Rune Eaters","Mid","25","1"
"Crydasia","Germany","","Offlane","","0"
"Exist","Germany","","Mid","33","0"
"Fata","Germany","","Mid","33","8"
"H4nn1","Germany","","Support","","2"
"Kebap","Germany","","Support","","2"
"MaGoma","Germany","","Support","","0"
"Mo13ei","Germany","","Mid","28","0"
"Nine","Germany, Russia","","Mid","28","2"
"Qupe","Germany","","Support","30","0"
"RMC","Germany","","Support","","0"
"Stormstormer","Germany","","Mid","28","2"
"TheBloodySky","Germany","","Offlane","26","0"
"german player","Germany","","Support","","0"
"hex0r","Germany","","Other","35","0"
"paS","Germany","","Support","33","2"
"tOfu","Germany, South Korea","Team Liquid","Carry4","29","4"
"wwieWambo","Germany","","Support","31","0"
"Alex","Germany","","Coach","34","0"
"Aonir","Germany","","Other","","0"
"Ascendancy","Germany","","Mid","","0"
"Black^","Germany","","Carry","33","2"
"KheZu","Germany","","Offlane","31","3"
"KuroKy","Germany","Nigma Galaxy","Coach","33","9"
"Qojqva","Germany","Team Liquid","Carry","30","4"
"rmN-","Germany, Russia","","Coach","32","1"
"Focus","Greece","","Carry","29","0"
"Keyser","Greece","","Mid","30","1"
"Madara","Greece, United Kingdom","","Carry","29","0"
"Maybe Next Time","Greece","","Support","33","0"
"ReaLaxXx","Greece","Team RAAZ","Offlane","35","0"
"SkyLark","Greece","","Offlane","29","0"
"SsaSpartan","Greece","","Support","32","0"
"ThuG","Greece","","Mid","32","0"
"dEsire","Greece","Zero Tenacity","Support","29","0"
"ntakii","Greece, Sweden","","Mid","27","0"
"SKANKS224","Greece","","Coach","","0"
"lowskill","Hungary","","Carry","26","0"
"A35","India","","Offlane","32","0"
"BlizzarD","India","","Carry","30","0"
"Crowley","India","","Offlane","29","0"
"Krish","India","","Carry","23","0"
"NO_Chanc3","India","","Support","34","0"
"Negi","India","","Support","","0"
"Swifty","India","","Mid","30","0"
"2hoi","Indonesia","","Support","","0"
"Acil","Indonesia","","Support","34","0"
"Cije","Indonesia","","Carry","29","0"
"Dreamocel","Indonesia","","Carry","28","0"
"Drew","Indonesia","","Carry","27","0"
"Facehugger","Indonesia","","Mid","29","0"
"Fbz","Indonesia","REKONIX","Offlane","25","1"
"Huppey","Indonesia","","Offlane","30","0"
"Hyde","Indonesia","","Support","29","1"
"Ifr1t!","Indonesia","","Support","27","0"
"Jhocam","Indonesia","GLYPH","Support","29","1"
"Jikroy","Indonesia","REKONIX","Carry","22","0"
"Juju","Indonesia","","Support","26","0"
"Khezcute","Indonesia","","Support","33","0"
"Lesserblue","Indonesia","","Support","","0"
"Lym-","Indonesia","","Support","24","0"
"MamangDaya","Indonesia","Flame Junior","Mid","24","0"
"Mikoto","Indonesia","Aurora Gaming","Mid","26","4"
"Minerva","Indonesia","","Support","","0"
"Nafari","Indonesia","","Offlane","32","0"
"Panda","Indonesia","","Offlane","","0"
"Pota2","Indonesia","Direborn Esports","Mid","23","0"
"R7","Indonesia","","Offlane","27","0"
"Ramz","Indonesia","","Mid","29","0"
"Rusman","Indonesia","","Offlane","27","0"
"SaintDeLucaz","Indonesia","","Offlane","31","0"
"ShinymF","Indonesia","","Carry","","0"
"Usagi","Indonesia","","Support","31","0"
"Varizh","Indonesia","REKONIX","Support","30","0"
"Whitemon","Indonesia","1w Team","Carry5","26","4"
"Xepher","Indonesia","","Support","30","1"
"azur4","Indonesia","","Mid","29","0"
"bfl","Indonesia","","Offlane","","0"
"bubu","Indonesia","","Support","32","0"
"dalul","Indonesia","REKONIX","Support","23","0"
"db-","Indonesia","Direborn Esports","Offlane","26","0"
"ilLogic","Indonesia","","Carry","31","0"
"inYourdreaM","Indonesia","REKONIX","Mid","27","0"
"womy","Indonesia","Direborn Esports","Offlane","24","0"
"you_K","Indonesia","","Support","27","0"
"Aville","Indonesia","","Other","33","0"
"Koala","Indonesia","Alter Ego","Coach","38","0"
"Visery","Indonesia","","Coach","30","0"
"Vlaicu","Indonesia","","Other","30","0"
"Mikey","Iran","Flame Esports","Mid","24","0"
"33","Israel","1w Team","Offlane","29","8"
"Aramis","Israel","","Support","26","0"
"Fly","Israel, Canada","Virtus.pro","Carry5","33","11"
"MagicaL","Israel, Ukraine","","Mid","27","1"
"yarin","Israel","","Support","","0"
"GiGA","Italy","","Support","","0"
"Zenigata","Italy","","Support","","0"
"Heromu","Japan","","Mid","","0"
"Ryuya","Japan","","Offlane","","0"
"STABA","Japan","","Support","","0"
"maiki","Japan","","Support","","0"
"ATF","Jordan","Team Falcons","Offlane","21","4"
"Feero","Jordan","","Mid","","0"
"Hook-","Jordan","","Mid","30","0"
"Jieang","Jordan","","Mid","","0"
"MagE-","Jordan","","Mid","28","0"
"Miracle-","Jordan, Poland","Nigma Galaxy","Carry","29","4"
"Rudy","Jordan","","Mid","","0"
"YapzOr","Jordan","","Support","31","5"
"islA","Jordan","","Offlane","28","0"
"wakemeup","Jordan, Canada","","Support","25","0"
"AfrOmoush","Jordan","Team Falcons","Support","29","0"
"ArrOw","Kazakhstan","","Support","27","0"
"B7 NexT LeveL","Kazakhstan","","Carry","","0"
"D4574N-SG","Kazakhstan","","Carry","30","0"
"Dodren","Kazakhstan","Bushido","Mid","25","0"
"Ethereal","Kazakhstan","RE Arise","Mid","24","0"
"Malady","Kazakhstan","Team Yandex","Carry5","25","1"
"Malik","Kazakhstan","Rune Eaters","Offlane","27","0"
"Mary_y","Kazakhstan","","Support","27","0"
"Mirage`","Kazakhstan","L1GA TEAM","Mid","25","1"
"Nicky`Cool","Kazakhstan","Power Rangers","Mid","24","0"
"Samsam","Kazakhstan","","Offlane","30","0"
"TA2000","Kazakhstan","Power Rangers","Carry","26","1"
"Turbo","Kazakhstan","","Support","","0"
"aik","Kazakhstan","Rune Eaters","Support","23","0"
"ani-san","Kazakhstan","RE Arise","Support","23","0"
"b1kA","Kazakhstan","UALEIKUMNIHAO","Support","29","0"
"daze","Kazakhstan","Natus Vincere","Support","20","0"
"goddam","Kazakhstan","","Support","30","0"
"hAze","Kazakhstan","","Carry","29","0"
"hannah","Kazakhstan","","Offlane","28","0"
"sad tomat","Kazakhstan","","Support","29","0"
"salamat1","Kazakhstan","Carstensz Esports","Mid","24","0"
"v1olent`","Kazakhstan","L1GA TEAM","Carry","24","0"
"watson","Kazakhstan","Team Yandex","Carry","24","3"
"xsvampire","Kazakhstan","","Support","28","0"
"Steelborco","Kazakhstan","Carstensz Esports","Coach","28","0"
"garter","Kosovo, Albania","","Mid","34","0"
"Askold","Kyrgyzstan","","Offlane","25","0"
"Blizzy","Kyrgyzstan","","Offlane","31","1"
"Le don","Kyrgyzstan","","Support","28","0"
"Max","Kyrgyzstan","","Offlane","28","0"
"NapaleoshQa","Kyrgyzstan","","Support","","0"
"PuberrrR","Kyrgyzstan","","Support","31","0"
"StormC4t-","Kyrgyzstan","","Mid","29","0"
"Zayac","Kyrgyzstan","","Carry4","27","3"
"dream`","Kyrgyzstan","Zero Tenacity","Carry","26","0"
"icq","Kyrgyzstan","","Carry","26","0"
"BeeBie","Laos","","Offlane","29","0"
"JaCkky","Laos","GLYPH","Carry","26","2"
"Nevermine","Laos","","Offlane","30","0"
"Ri4man","Latvia","","Mid","19","0"
"GH","Lebanon","Nigma Galaxy","Carry4","31","5"
"Mango_Banana","Lebanon","","Offlane","","0"
"No!ob","Lebanon","","Offlane","25","2"
"OmaR","Lebanon","Nigma Galaxy","Carry4","23","3"
"Rajjix","Lebanon","","Offlane","32","0"
"ruustle","Lebanon, France","","Offlane","25","0"
"Eixn","Lebanon","PSG Quest","Support","31","0"
"ddc","Macau","","Coach","36","8"
"AhJit","Malaysia","","Mid","27","1"
"AlaCrity","Malaysia","","Mid","28","0"
"Ben","Malaysia","","Offlane","","0"
"BrayaNt","Malaysia","","Support","31","0"
"CDR","Malaysia","","Carry","29","0"
"Candyloon","Malaysia","","Offlane","28","0"
"ChYuaN","Malaysia","","Mid","30","1"
"Czy","Malaysia","","Support","30","0"
"Destrice","Malaysia","","Support","24","0"
"Eren","Malaysia","","Support","29","0"
"FelixCiaoBa","Malaysia","","Support","29","0"
"FzFz","Malaysia","","Mid","","1"
"GaN-","Malaysia","","Mid","27","0"
"Ghost","Malaysia","GamerLegion","Carry","28","3"
"Ghost","Malaysia","","Offlane","","0"
"Gy","Malaysia","","Offlane","27","0"
"Ice","Malaysia","","Support","37","2"
"JT-","Malaysia","","Offlane","28","2"
"JoHnNy","Malaysia","","Support","31","2"
"KaNG","Malaysia","","Offlane","","0"
"Kecik Imba","Malaysia","","Mid","30","1"
"LOyd","Malaysia","","Support","28","0"
"Lance","Malaysia","","Carry","31","1"
"Mercury","Malaysia","","Mid","28","0"
"MidOne","Malaysia","MOUZ","Mid","30","5"
"MoZuN","Malaysia","","Support","31","1"
"Moon","Malaysia","","Mid","31","2"
"MtR","Malaysia","","Offlane","","0"
"Neah666","Malaysia","","Mid","24","0"
"Net","Malaysia","","Support","34","3"
"Nj","Malaysia","","Support","","0"
"NothingToSay","Malaysia","Xtreme Gaming","Mid","25","6"
"Oli","Malaysia","","Carry5","31","4"
"Roddgeee","Malaysia, Australia","","Support","32","0"
"Sharky","Malaysia","","Support","36","1"
"Syeonix","Malaysia","","Carry","27","0"
"TooFuckingGood","Malaysia","","Offlane","","1"
"TrazaM","Malaysia","","Support","29","0"
"Unknown-","Malaysia","","Carry","30","0"
"Wenn","Malaysia","","Offlane","","0"
"Wonder’boy","Malaysia","","Mid","25","0"
"Ws","Malaysia","Aurora Gaming","Offlane","21","2"
"YamateH","Malaysia","","Support","36","3"
"Zacky","Malaysia","","Support","","0"
"aikster","Malaysia","","Support","","0"
"dabeliuteef","Malaysia","","Carry","","1"
"ddz","Malaysia","","Mid","30","1"
"kYxY","Malaysia","","Offlane","35","4"
"ling","Malaysia","","Support","","2"
"mks","Malaysia","","Carry","24","0"
"ponyo","Malaysia","Yangon Galacticos","Support","26","1"
"rayy","Malaysia","","Support","30","0"
"vtFαded","Malaysia","","Carry","28","1"
"xNova","Malaysia","Xtreme Gaming","Carry5","28","6"
"xiangzai","Malaysia","","Offlane","","1"
"xiaoyu","Malaysia","","Offlane","25","0"
"zeal","Malaysia","GLYPH","Offlane","27","0"
"343","Malaysia","OG","Coach","31","1"
"ADTR","Malaysia","","Support","","0"
"ChuaN","Malaysia","","Coach","35","5"
"Mushi","Malaysia","","Coach","35","6"
"Ohaiyo","Malaysia","","Coach","33","5"
"WinteR","Malaysia","","Coach","36","2"
"XtiNcT","Malaysia","","Coach","37","3"
"ah fu","Malaysia","","Coach","32","3"
"Ifrit","Mexico","","Support","","0"
"N1ne","Mexico","","Support","28","0"
"Zyzz","Mexico, United States","","Carry","","1"
"esK","Mexico","","Mid","","0"
"lundd","Mexico","","Mid","","0"
"Save-","Moldova","BetBoom Team","Carry4","24","5"
"rubikon155","Moldova","","Carry","","0"
"11","Mongolia","","Offlane","26","0"
"423","Mongolia","IC x Insanity","Carry","23","0"
"Ace12","Mongolia","Carstensz Esports","Support","25","0"
"Ariunbolor","Mongolia","","Mid","","0"
"FortuneSoul","Mongolia","","Carry","26","0"
"MaRveL-","Mongolia","","Support","32","0"
"Masquerade","Mongolia","","Offlane","34","0"
"NARMAN","Mongolia","GLYPH","Support","27","0"
"Retribution","Mongolia","","Carry","29","0"
"Se","Mongolia","IC x Insanity","Support","25","0"
"khishka","Mongolia","","Support","25","0"
"sanctity-","Mongolia","","Mid","25","0"
"seimei","Mongolia","Carstensz Esports","Offlane","23","0"
"InsaNe","Myanmar","","Mid","28","0"
"Kenji","Myanmar","Team Veteran","Support","34","0"
"Ksh","Myanmar","Yangon Galacticos","Carry","20","0"
"Leo","Myanmar","","Mid","","0"
"Rap Rap","Myanmar","Team Veteran","Support","","0"
"ShowTi","Myanmar","Yangon Galacticos","Offlane","31","0"
"Skill Lay","Myanmar","Yangon Galacticos","Support","28","0"
"Young PH","Myanmar","Yangon Galacticos","Carry","22","0"
"Crystallis","Netherlands","MOUZ","Carry","24","2"
"Dutch_Freak","Netherlands","","Support","","0"
"Seleri","Netherlands","","Carry5","27","3"
"SexyBamboe","Netherlands","","Offlane","34","1"
"Shad","Netherlands","","Carry","26","0"
"SingSing","Netherlands","","Mid","35","2"
"Fury","New Zealand","","Support","","0"
"Loseyourself","New Zealand, Australia","","Carry","","0"
"DareDevilDan","New Zealand","","Other","","0"
"Yuma","Nicaragua, Belgium","LGD Gaming","Carry","25","3"
"Nofear","Non-representing, Russia","RE Arise","Coach","33","1"
"Andrej Porjazovski","North Macedonia","","Mid","","0"
"Saksa","North Macedonia","Team Yandex","Carry4","31","7"
"Stojkov","North Macedonia","IC x Insanity","Mid","27","0"
"Taiga","Norway","","Support","28","2"
"SumaiL","Pakistan, United States","Nigma Galaxy","Mid","27","8"
"Accel","Peru","","Support","30","1"
"Adrian","Peru","","Offlane","24","0"
"Alone","Peru","","Mid","21","0"
"Aretes","Peru","","Support","","0"
"Argius","Peru","","Carry","26","0"
"Arkano","Peru","","Offlane","26","0"
"ArzenT","Peru","","Offlane","30","0"
"Atun","Peru","","Mid","","0"
"Benny","Peru","","Carry","29","0"
"Berna","Peru","","Carry","27","0"
"Braxie-","Peru, United States","","Support","28","0"
"CHAAANNN","Peru","Infamous","Support","30","0"
"Cara","Peru","","Offlane","27","0"
"Chris Luck","Peru","","Mid","28","4"
"Cucahook","Peru","","Carry","26","0"
"D1smar","Peru","","Support","","0"
"DCMC","Peru","","Carry","25","0"
"DaaD-","Peru","Flame Esports","Carry","25","0"
"DarkMago","Peru","","Mid","27","2"
"Dark_Demon","Peru","","Support","25","0"
"Drakeel","Peru","","Offlane","","0"
"Elmisho","Peru","PlayTime","Carry5","24","1"
"FeelinG","Peru","","Support","27","0"
"Frank","Peru","","Offlane","26","1"
"Gardick","Peru","Hokori","Support","28","1"
"Genek","Peru","Amaru Gaming","Support","25","0"
"Greedy","Peru","","Offlane","","0"
"ILICH-","Peru","","Offlane","23","1"
"JachiTo","Peru","","Mid","27","0"
"Jeimari","Peru","","Mid","30","0"
"JimmyCoff666","Peru","","Support","24","0"
"K1","Peru","Amaru Gaming","Carry","25","5"
"Kingteka","Peru","","Offlane","28","1"
"Kiri <","Peru","","Support","23","0"
"Kotaro","Peru","","Carry","29","1"
"Leostyle-","Peru","","Mid","31","1"
"Luis","Peru","CDUB Esports","Offlane","23","0"
"Luis","Peru","","Support","22","0"
"Lumière","Peru","Hokori","Mid","26","1"
"Lumpy","Peru","Hokori","Mid","23","1"
"Madara","Peru","","Carry","29","0"
"Matthew","Peru","","Support","28","3"
"Migi","Peru","","Mid","","0"
"Mjz","Peru","","Support","25","2"
"MoOz","Peru","Zero Tenacity","Support","28","2"
"MonHty","Peru","","Support","23","0"
"Mr.Jeans","Peru","","Mid","26","0"
"Pakazs","Peru","Flame Esports","Carry","25","2"
"Panda","Peru","Amaru Gaming","Support","26","2"
"Parker","Peru","","Carry","24","1"
"PiPi","Peru","Amaru Gaming","Mid","23","0"
"Prada","Peru","","Support","28","0"
"RedMonster","Peru","","Support","30","0"
"Rena","Peru","","Carry","27","0"
"Robo-Z","Peru","","Mid","25","0"
"SLATEM$","Peru","","Mid","22","1"
"Sacred","Peru","","Offlane","25","2"
"Scofield","Peru","PlayTime","Carry4","28","6"
"SexyeYogye","Peru","","Support","28","0"
"Shaka","Peru","","Support","23","0"
"Slaw","Peru","Inverse","Support","","0"
"SmAsH","Peru","","Mid","","0"
"Smoker","Peru","","Support","29","0"
"Stinger","Peru","","Support","29","4"
"Sueño","Peru","","Mid","","0"
"Sword","Peru","","Offlane","29","0"
"TaO","Peru","","Mid","","0"
"TaiLung","Peru","LGD Gaming","Mid","17","1"
"Tiares","Peru","","Carry","27","0"
"Timado","Peru","Virtus.pro","Carry","25","4"
"Timo","Peru","","Carry","","0"
"Vitaly","Peru","Hokori","Offlane","27","2"
"Wits","Peru","PlayTime","Carry","18","0"
"Yadomi","Peru","","Support","29","0"
"ZipoOne","Peru","","Other","","0"
"Ztok","Peru","","Support","31","0"
"Zxca","Peru","","Support","27","0"
"drakesh1t","Peru","","Offlane","","0"
"kxy","Peru","Zetta Games","Mid","25","0"
"lalatronii","Peru","","Mid","22","0"
"n1ght","Peru","","Support","26","1"
"pamplona","Peru","Zetta Games","Support","27","0"
"payk","Peru","","Carry","20","1"
"steel-","Peru","","Mid","27","0"
"wonderk1d^^<","Peru","","Mid","21","0"
"Ñengo","Peru","","Mid","24","0"
"Benjaz","Peru","","Other","32","1"
"Jericho","Peru","","Support","30","0"
"MiHawk","Peru","","Offlane","","0"
"Valqui","Peru","","Offlane","29","0"
"iwo","Peru","","Other","","0"
"mstco","Peru","","Other","","0"
"vanN","Peru","","Coach","32","0"
"Ab1ng","Philippines","","Carry","","0"
"Abat","Philippines","","Carry","27","0"
"Abed","Philippines","Virtus.pro","Mid","26","6"
"Abeng","Philippines","Ivory","Support","30","0"
"Akashi","Philippines","Execration","Carry","23","2"
"Armel","Philippines","","Mid","26","4"
"BYB","Philippines","","Offlane","33","0"
"Benhur","Philippines","","Mid","29","0"
"Bensoy","Philippines","","Offlane","28","0"
"Bhm","Philippines","","Offlane","","0"
"Bob","Philippines","Execration","Mid","25","0"
"Bok","Philippines, Japan","","Offlane","32","0"
"Boomy","Philippines","","Support","33","0"
"Carlo","Philippines","Ivory","Support","30","0"
"DJ","Philippines","","Support","31","6"
"Derp","Philippines","ALPHA Esports Pro","Support","32","0"
"Dric~","Philippines","Yangon Galacticos","Support","26","0"
"Enryu","Philippines","","Offlane","27","0"
"Erice","Philippines","InterActive Philippines","Support","30","1"
"Ewe","Philippines","","Offlane","32","0"
"Flysolo","Philippines","","Support","34","0"
"Foxx","Philippines","","Carry","","0"
"Gabbi","Philippines","","Offlane","28","2"
"Gio","Philippines","","Support","","0"
"Grimz","Philippines","InterActive Philippines","Support","30","0"
"JG","Philippines","Ivory","Offlane","26","0"
"Jacko","Philippines","","Mid","","0"
"Jamesy","Philippines","","Mid","32","1"
"Jaunuel","Philippines","","Support","27","3"
"JessieVash","Philippines","","Support","36","1"
"Jhoven","Philippines","","Mid","","0"
"Jing","Philippines","","Support","25","1"
"Julz","Philippines","","Support","33","1"
"JyC","Philippines","","Support","34","0"
"Karl","Philippines","","Mid","28","1"
"Karma丶","Philippines","Ivory","Carry","26","0"
"Ken","Philippines","","Mid","23","0"
"Kimizu","Philippines","","Offlane","26","0"
"Kokz","Philippines","","Offlane","25","0"
"Kuku","Philippines","","Support","29","5"
"Luciano","Philippines","","Offlane","30","0"
"LuziFy","Philippines","","Support","30","0"
"Mac","Philippines","Ivory","Mid","27","1"
"Marc","Philippines","","Mid","","0"
"Nando","Philippines","","Carry","29","1"
"Natsumi-","Philippines","OG","Carry","25","1"
"Nikko","Philippines","OG","Offlane","25","0"
"Palos","Philippines","Execration","Carry","24","0"
"Pio","Philippines","","Mid","29","0"
"PlayHard","Philippines","Direborn Esports","Support","27","0"
"Prince","Philippines, United States","","Mid","","0"
"Prince","Philippines","","Carry","24","0"
"RR","Philippines","","Support","31","1"
"Raging Potato","Philippines","","Support","30","2"
"Rapy","Philippines","","Offlane","29","0"
"Raven","Philippines","OG","Offlane","27","7"
"Rupido","Philippines","Yangon Galacticos","Carry","27","0"
"Sam_H","Philippines","","Offlane","31","3"
"Samael","Philippines","","Support","33","1"
"Shanks","Philippines","Execration","Support","28","0"
"Sirc","Philippines","","Carry","","0"
"Skadilicious","Philippines","","Carry","27","0"
"TIMS","Philippines","OG","Carry4","29","6"
"Teehee","Philippines","","Support","30","0"
"Tino","Philippines","Execration","Offlane","26","0"
"Tmv","Philippines","","Support","28","0"
"Van","Philippines","","Offlane","29","0"
"Yopaj","Philippines","OG","Mid","24","2"
"YoungGod","Philippines","Flame Junior","Carry","29","0"
"Yowe","Philippines","TNC Predator","Mid","25","0"
"Zenki","Philippines","","Support","29","0"
"cml","Philippines","Execration","Support","28","0"
"eyyou","Philippines","","Support","34","2"
"gnoji","Philippines","","Carry","","0"
"gohan","Philippines","","Carry","24","0"
"lewis","Philippines","","Mid","23","0"
"ryOyr","Philippines","","Offlane","33","0"
"skem","Philippines","OG","Carry5","26","2"
"xLucky","Philippines","","Carry","","0"
"yAj","Philippines","","Mid","28","0"
"yaha","Philippines","","Support","30","0"
"Cast","Philippines","ALPHA Esports Pro","Other","39","0"
"Eri Neeman","Philippines","","Other","39","0"
"Jobeeezy","Philippines","","Support","","0"
"Kim0","Philippines","Execration","Coach","34","1"
"ninjaboogie","Philippines, United States","","Coach","34","2"
"Ekki","Poland, United Kingdom","Rune Eaters","Support","23","0"
"Exotic_Deer","Poland","","Carry","","0"
"Fey","Poland","","Carry","27","0"
"Nisha","Poland","Team Liquid","Mid","25","7"
"Patos","Poland","","Offlane","","0"
"Supreme","Poland","","Mid","","0"
"eL lisasH","Poland","","Support","30","0"
"kacor","Poland","","Support","","0"
"Arise","Romania","","Mid","33","0"
"ComeWithMe","Romania","","Support","33","1"
"Flash","Romania","","Support","31","0"
"KeyaNo","Romania","","Carry","","0"
"Masakary","Romania","","Offlane","34","0"
"Ulnit","Romania","","Carry","22","0"
"Zizou","Romania","","Support","","0"
"bOne7","Romania","","Support","35","2"
"canceL^^","Romania","","Mid","30","0"
"iLLusionisT","Romania","","Support","33","0"
"kAAN","Romania","No Bounty Hunter","Carry","28","0"
"BliNcc","Romania","","Coach","28","0"
"Mangusu","Romania","GamerLegion","Coach","28","0"
"ppasarel","Romania","","Coach","41","0"
"w33","Romania, Syria","","Mid","31","3"
".Ark","Russia","","Carry","29","0"
"9Class","Russia","PARIVISION","Carry4","23","2"
"9pasha","Russia","","Offlane","34","3"
"ANDROIDp","Russia","","Support","34","0"
"Admiration","Russia","","Mid","","1"
"Afoninje","Russia","","Support","29","0"
"AfterLife","Russia","","Offlane","29","0"
"Airu","Russia","Quantum Academy","Offlane","27","0"
"Antares","Russia","Virtus.pro","Offlane","23","1"
"Azen","Russia","","Carry","","1"
"BarabaNN","Russia","Magic Hands","Carry","29","0"
"Barash","Russia","","Mid","","0"
"Bl00DAnGeL","Russia","","Mid","33","1"
"Bobruha","Russia","","Mid","27","0"
"CHIRA_JUNIOR","Russia","Team Yandex","Mid","21","2"
"Ceyler","Russia","","Mid","29","0"
"Chappie","Russia","","Offlane","29","0"
"Cloud","Russia","","Offlane","26","1"
"Collapse","Russia","Team Spirit","Offlane","24","6"
"Cooman","Russia","","Carry","27","0"
"Crazy","Russia","","Mid","","1"
"DM","Russia","Team Yandex","Offlane","26","4"
"Dale","Russia","","Offlane","","0"
"Damaroo","Russia","","Carry","27","0"
"Dame","Russia","","Mid","25","0"
"Daxak","Russia","","Offlane","29","1"
"Desperate-","Russia","","Mid","26","0"
"Difference","Russia","","Mid","19","0"
"Dinozavrik","Russia","","Carry","25","0"
"Ditya Ra","Russia","","Carry","31","1"
"DkFogas","Russia","","Offlane","26","0"
"Dukalis","Russia","PARIVISION","Carry5","24","2"
"Elmo","Russia","","Carry","28","0"
"Flow","Russia","","Offlane","31","0"
"Forcemajor","Russia","","Support","24","1"
"GGS","Russia","","Carry","29","0"
"GGwpLanaya","Russia","","Mid","","0"
"Gatciy","Russia","","Support","30","0"
"Gazyava","Russia","Team Stels","Carry","","0"
"Gee'za","Russia","","Offlane","28","0"
"Gibkiy","Russia","","Carry","30","0"
"Gilgir","Russia","","Support","27","0"
"Gorec","Russia","","Offlane","","0"
"Gurin","Russia","","Offlane","","0"
"Htrd","Russia","Level UP","Support","23","0"
"Imba4","Russia","","Mid","30","0"
"Immersion","Russia","Power Rangers","Support","28","0"
"Inkvizitor","Russia","","Support","","0"
"JANTER","Russia","","Support","22","0"
"Jst","Russia","","Support","30","0"
"KaHT","Russia","","Support","36","0"
"Kataomi`","Russia","BetBoom Team","Support","27","5"
"KingR","Russia","","Support","32","0"
"Kiritych","Russia","BetBoom Team","Carry","23","2"
"Kodos","Russia","","Mid","25","0"
"Kom4rt","Russia","","Carry","25","0"
"KtAmOp","Russia","","Offlane","26","0"
"Kyzko","Russia","","Support","27","0"
"L0lik_O","Russia","Digital Company","Offlane","32","0"
"Larl","Russia","Team Spirit","Mid","24","5"
"Lefitan","Russia","","Support","22","0"
"Limitless","Russia","","Offlane","28","0"
"Lirik","Russia","","Mid","33","0"
"Lukas","Russia","","Carry","27","0"
"MYSmoon","Russia","","Offlane","27","0"
"Maden","Russia","","Support","31","0"
"MagiskUSH","Russia","","Mid","27","0"
"Malr1ne","Russia","Team Falcons","Mid","21","3"
"Mariachi","Russia","","Carry","28","0"
"Massacre","Russia","","Mid","34","0"
"MieRo","Russia","BetBoom Team","Offlane","23","4"
"Mirele","Russia","","Mid","21","0"
"Munkushi~","Russia","1w Team","Carry","23","1"
"Muriel","Russia","","Support","","0"
"NT-","Russia","","Mid","","0"
"Neks","Russia","","Support","28","0"
"Nexus","Russia","","Carry","34","0"
"Nightfall","Russia","Aurora Gaming","Carry","24","6"
"Noticed","Russia","PARIVISION","Offlane","24","3"
"Otaker","Russia","","Carry","26","0"
"PERDAN4IK","Russia","","Support","20","0"
"PSM","Russia","","Support","39","0"
"Paradise","Russia","","Carry","23","0"
"Petru44o","Russia","","Support","30","0"
"Pure","Russia","1w Team","Carry","22","5"
"Qwerty","Russia","","Mid","38","0"
"RAMZES666","Russia","Team Yandex","Offlane","27","5"
"Rari","Russia","","Carry","27","0"
"Rein","Russia","Enjoy","Support","25","0"
"RodjER","Russia, Armenia","","Carry4","32","3"
"Rvze","Russia","","Mid","27","0"
"SSS","Russia","PARIVISION","Offlane","20","0"
"Satanic","Russia","PARIVISION","Carry","18","2"
"Scandal","Russia","","Mid","34","0"
"Sedoy","Russia","","Offlane","34","0"
"Serenada","Russia","","Mid","20","0"
"Shaking","Russia","","Mid","30","0"
"Shergarat (Vladimir)","Russia","","Offlane","26","0"
"Slander","Russia","","Offlane","34","0"
"SoNNeikO","Russia, Uzbekistan","","Support","29","4"
"SoNiC","Russia","","Support","","0"
"Solo","Russia","","Carry5","36","4"
"Stalk","Russia","","Other","33","0"
"Stizer","Russia","","Mid","27","0"
"SuperNova","Russia","","Offlane","28","0"
"TORONTOTOKYO","Russia","Aurora Gaming","Offlane","29","5"
"The_apathy","Russia","","Carry","","0"
"Till the end","Russia, Ukraine","Power Rangers","Support","26","0"
"UnderShock","Russia","","Support","30","0"
"VANSKOR","Russia","","Support","31","1"
"Vazya","Russia","L1GA TEAM","Offlane","29","1"
"Vicoros","Russia","","Offlane","26","0"
"Vigoss","Russia","","Mid","38","1"
"Wein","Russia","","Support","18","0"
"Windx","Russia","","Support","","0"
"WoE","Russia","Level UP","Carry","22","0"
"Worick","Russia","Zero Tenacity","Mid","26","0"
"XaKoH","Russia","","Offlane","36","0"
"Xakoda","Russia","Yellow Submarine","Support","24","0"
"Yel","Russia","","Support","29","0"
"Zitraks","Russia","UALEIKUMNIHAO","Carry","27","0"
"[T]SA","Russia","","Support","28","0"
"alberkaaa","Russia","Power Rangers","Offlane","22","0"
"antoha","Russia","","Support","25","0"
"ariel","Russia","Nemiga Gaming","Support","27","0"
"asdekor_r","Russia","","Support","22","0"
"babitich","Russia","","Mid","24","0"
"bb3px","Russia","Level UP","Offlane","23","0"
"blowyourbrain","Russia","","Carry","33","0"
"bottega","Russia","BetBoom Team","Carry","17","0"
"bowbowbow","Russia","","Offlane","","0"
"ck","Russia","","Support","28","0"
"dyrachyo","Russia","","Carry","24","3"
"eine","Russia","","Support","28","0"
"erase","Russia","L1GA TEAM","Mid","23","0"
"fozzy","Russia","Team Empire Hope","Mid","","0"
"fsd","Russia","","Support","25","0"
"gpk","Russia","BetBoom Team","Mid","24","5"
"iLTW","Russia","","Carry","26","0"
"illias","Russia","Virtus.pro","Support","24","1"
"kasane","Russia","1w Team","Offlane","23","1"
"kickeed","Russia","","Support","29","0"
"kiyotaka","Russia","Aurora Gaming","Mid","21","2"
"krylat","Russia","","Carry","28","0"
"layme","Russia","","Carry","26","0"
"lil sorry","Russia","","Offlane","26","0"
"lilskrip","Russia","","Support","26","0"
"lowkez","Russia","","Support","27","0"
"lupsione","Russia","Team Stels","Support","24","0"
"meLes","Russia","","Offlane","26","0"
"nattynarwhal_","Russia","","Mid","26","0"
"nesfeer","Russia","","Carry","25","0"
"nongrata","Russia","","Offlane","30","1"
"not me","Russia","Team Spirit","Carry4","22","1"
"plov","Russia","","Carry","28","0"
"prblms","Russia","Team Yandex","Support","22","0"
"qoval","Russia","","Support","28","0"
"queezy小个子","Russia","Level UP","Support","23","0"
"reibl","Russia","","Mid","24","0"
"rue","Russia","Team Spirit","Carry5","22","2"
"sayuw","Russia","L1GA TEAM","Carry4","28","2"
"selfhate","Russia","","Carry","23","0"
"smN","Russia","","Support","26","0"
"solji;,","Russia","","Support","25","0"
"spacy","Russia","","Support","28","0"
"squad1x","Russia","Enjoy","Mid","23","1"
"ssnovv1","Russia","","Carry","22","1"
"swedenstrong","Russia","Enjoy","Support","23","1"
"tatakae","Russia","","Carry","25","0"
"ubah","Russia","","Support","31","0"
"ufir","Russia","","Support","30","0"
"waveformn","Russia","RE Arise","Support","19","0"
"xannii","Russia","","Carry","25","0"
"yamich","Russia","MOUZ","Support","25","0"
"yoky-","Russia","","Support","31","1"
"yol","Russia","","Support","33","0"
"Женя","Russia","","Support","33","0"
"мистер мораль","Russia","Enjoy","Offlane","","0"
"Chu","Russia","","Coach","28","0"
"Dragneel_FH","Russia","","Other","","0"
"Dread","Russia","","Other","35","1"
"Faker","Russia, Ukraine","","Other","31","0"
"G","Russia","","Coach","34","4"
"Illidan","Russia","Team Spirit","Coach","34","2"
"Koma`","Russia","Team Spirit","Carry","23","0"
"Lazar'","Russia","","Other","35","0"
"LighTofHeaveN","Russia","","Other","38","2"
"Lum1Sit","Russia","","Other","26","0"
"Miposhka","Russia","Team Spirit","Coach","28","6"
"Misha","Russia","","Coach","29","1"
"Mob5ter","Russia","","Other","","0"
"NS","Russia","","Other","37","2"
"Nix","Russia","","Other","29","0"
"NotInMyHouse","Russia","","Other","27","0"
"PGG","Russia","","Other","35","1"
"Santa","Russia","","Other","37","1"
"Silent","Russia","Team Spirit","Coach","33","4"
"Smile","Russia","","Other","37","3"
"TpoH","Russia","","Carry","","0"
"VeRsuta","Russia","","Other","37","0"
"Velheor","Russia","Nemiga Gaming","Coach","28","0"
"sQreen","Russia","","Support","","0"
"y0nd","Russia","","Support","30","0"
"Heyman95","Saudi Arabia","","Support","30","0"
"Alex","Serbia","","Support","31","0"
"BoraNija","Serbia","","Mid","29","0"
"ChodΣX","Serbia","","Offlane","24","0"
"MikSa`","Serbia","","Offlane","26","0"
"Swiftending","Serbia","","Carry","33","1"
"kokijjom","Serbia","","Carry","","0"
"pwN","Serbia","","Offlane","32","0"
"LeBronDota","Serbia","Zero Tenacity","Support","36","0"
"RealToxi","Serbia","","Coach","33","0"
"bukka","Serbia, Estonia","","Other","","0"
"g0g1","Serbia","","Coach","37","0"
"grizine","Serbia","Zero Tenacity","Offlane","38","0"
"Barry","Singapore","","Support","","0"
"Chains","Singapore","","Mid","","0"
"Chawy","Singapore","","Support","34","1"
"Chibix","Singapore","","Carry","36","0"
"Deth","Singapore","","Offlane","31","1"
"Kai","Singapore","","Support","30","0"
"Kordan","Singapore","","Mid","24","0"
"Lubby","Singapore","","Support","32","0"
"Luk","Singapore","","Carry","","0"
"Meracle","Singapore","","Other","30","0"
"Roy","Singapore","","Other","","1"
"SCripted","Singapore","","Support","","0"
"Tudi","Singapore","","Offlane","29","0"
"Ysaera","Singapore, Malaysia","","Mid","30","0"
"hyhy","Singapore","","Carry","36","2"
"iceiceice","Singapore","","Offlane","36","9"
"poloson","Singapore","Team Refuser","Support","30","0"
"ponlo","Singapore","Ilbirs eSports","Support","28","1"
"tmt","Singapore","","Support","","0"
"xsilearn","Singapore","","Mid","30","0"
"xy-","Singapore","","Support","34","3"
"NutZ","Singapore","","Coach","36","1"
"xFreedom","Singapore","","Support","33","2"
"Tulex","Slovakia","","Support","","1"
"Warlog","Slovakia","","Offlane","","1"
"skiter","Slovakia","Team Falcons","Carry","27","5"
"Pingvincek","Slovenia","","Mid","","0"
"Castaway","South Africa","","Support","28","0"
"Welp","South Africa","","Carry","","0"
"scant","South Africa","","Coach","37","0"
"Crio_J","South Korea, France","","Mid","36","0"
"CyNiCaL","South Korea","","Support","","0"
"Doctor","South Korea","","Mid","","0"
"Febby","South Korea, Canada","","Support","33","3"
"HooNji","South Korea","","Support","","0"
"JesusSt1ck","South Korea","","Support","","0"
"JyU","South Korea","","Offlane","","0"
"MafiA","South Korea","","Support","","0"
"Reisen","South Korea","","Support","33","0"
"SeleCT","South Korea","","Offlane","37","0"
"Sky","South Korea","","Support","","0"
"baNhwA","South Korea","","Carry","","0"
"f(x)","South Korea","","Carry","","0"
"pYung","South Korea","","Support","","0"
"DuBu","South Korea, Canada","","Coach","33","5"
"Forev","South Korea","","Coach","34","3"
"Heen","South Korea","","Coach","39","1"
"MP","South Korea","","Coach","32","3"
"March","South Korea, Canada","Execration","Coach","38","1"
"QO","South Korea, Australia","","Coach","32","3"
"SunBhie","South Korea, Canada","","Coach","36","1"
"Akke","Sweden","Alliance","Support","38","4"
"Apemother","Sweden","","Mid","35","0"
"Bengan","Sweden","","Support","29","0"
"Boxi","Sweden","Team Liquid","Carry4","28","6"
"Chessie","Sweden","","Mid","33","0"
"Chrillee","Sweden","","Offlane","","0"
"EGM","Sweden","","Support","35","3"
"Era","Sweden","","Support","30","3"
"Eskillz","Sweden","","Offlane","34","0"
"Fishbone","Sweden","","Other","","0"
"Five","Sweden","","Other","","0"
"Frigoleet","Sweden","","Support","","0"
"Frost","Sweden","","Mid","","0"
"GoAudio","Sweden","","Carry","","0"
"Handsken","Sweden","","Support","32","1"
"Insania","Sweden","","Carry5","32","5"
"Kefka","Sweden","","Offlane","","0"
"Limmp","Sweden","","Mid","31","1"
"Matrim","Sweden","","Other","","0"
"Mikey","Sweden","","Offlane","30","0"
"Mini","Sweden","","Support","32","0"
"Mirakel","Sweden","","Support","36","2"
"Mynuts","Sweden","","Support","","0"
"Pablo","Sweden","","Support","30","0"
"Pajkatt","Sweden","","Carry","33","5"
"PiNoY","Sweden","","Other","","0"
"Reelo","Sweden","","Mid","","0"
"Reesion","Sweden","","Other","","0"
"Sealkid","Sweden","","Support","","0"
"Solitude","Sweden","","Carry","","0"
"Steffstyle","Sweden","","Support","","0"
"Strangby","Sweden","","Mid","","0"
"Xcalibur","Sweden, China","","Mid","28","0"
"Xibbe","Sweden","","Offlane","31","0"
"cYso","Sweden","","Mid","34","0"
"charlie","Sweden","","Carry","28","0"
"eresloco","Sweden","","Mid","","0"
"jonassomfan","Sweden","","Offlane","33","0"
"miCKe","Sweden","Team Liquid","Carry","27","6"
"s4","Sweden","","Offlane","34","8"
"smulgullig","Sweden","","Offlane","","0"
"AdmiralBulldog","Sweden","Alliance","Offlane","35","3"
"Drayich","Sweden","","Other","43","0"
"Loda","Sweden","Alliance","Coach","38","4"
"pieliedie","Sweden","","Coach","35","5"
"zai","Sweden","","Offlane","29","9"
"v0ja","Switzerland","","Other","38","0"
"23savage","Thailand","","Carry","24","4"
"Boombui","Thailand","","Support","34","0"
"BungsellRotee","Thailand","","Carry","","0"
"Fearless","Thailand","","Mid","31","0"
"Jabz","Thailand","Team Nemesis","Offlane","27","7"
"KNP","Thailand","","Offlane","30","0"
"KyT","Thailand","","Offlane","","0"
"Leaf","Thailand","","Support","","0"
"LionaX","Thailand","","Support","32","0"
"Masaros","Thailand","","Offlane","28","0"
"Q","Thailand","","Carry4","28","3"
"RDP","Thailand","","Offlane","","0"
"SoLotic","Thailand","","Support","","0"
"Tigger","Thailand","","Support","31","0"
"Toei","Thailand","","Offlane","","0"
"Varen","Thailand","","Support","30","0"
"aabBAA","Thailand","","Offlane","35","1"
"r5r5","Thailand","","Support","","0"
"tnt","Thailand","","Offlane","32","0"
"Feimao","Thailand","","Support","","1"
"LaKelz","Thailand","","Coach","36","1"
"Mikasa","Thailand","","Other","31","0"
"MyPro","Thailand","","Coach","34","0"
"Seri","Thailand, Australia","","Coach","30","0"
"TnK","Thailand","","Support","","1"
"Xyclopz","Thailand","","Other","40","0"
"NEQROMAN","Turkey","","Mid","30","0"
"Wuiter","Turkey","","Offlane","29","0"
"mdL","Turkey","","Support","30","0"
"7jesu","Ukraine","","Carry","22","0"
"ALOHADANCE","Ukraine","","Support","28","1"
"Artes","Ukraine","","Carry","30","0"
"Axypa","Ukraine","","Support","","0"
"Batyuk","Ukraine","Yellow Submarine","Offlane","22","0"
"Belony","Ukraine","","Support","25","0"
"Bignum","Ukraine","GamerLegion","Carry4","31","2"
"Bombad1l","Ukraine","","Mid","","0"
"Crystallize","Ukraine","","Carry","27","1"
"Darklord^","Ukraine","Rune Eaters","Carry","22","0"
"Dendi","Ukraine","","Mid","36","6"
"Ecnart","Ukraine","","Support","29","0"
"Fernans","Ukraine","","Support","23","0"
"Firestorm","Ukraine","","Carry","28","0"
"Funn1k","Ukraine","","Offlane","33","4"
"Gedrox","Ukraine","","Carry","","0"
"GeneRaL","Ukraine","","Offlane","30","1"
"Ghostik","Ukraine","","Offlane","31","1"
"Gwynbleidd","Ukraine","","Mid","","0"
"INFERNAL","Ukraine","","Offlane","23","0"
"Iceberg","Ukraine","","Mid","29","1"
"KSi","Ukraine","","Support","","1"
"Kidaro","Ukraine","","Support","27","0"
"Lil","Ukraine","","Support","30","2"
"Lodine","Ukraine","","Support","30","0"
"MaTa","Ukraine","","Support","","0"
"Mira","Ukraine","Aurora Gaming","Carry4","26","6"
"Moonlight","Ukraine","","Mid","26","0"
"Niku","Ukraine","Natus Vincere","Mid","17","1"
"No[o]ne-","Ukraine","PARIVISION","Mid","28","7"
"Pikachu","Ukraine","","Mid","29","0"
"QBFY","Ukraine","Team Lynx","Support","21","0"
"QwisTa","Ukraine","","Carry","","0"
"Resolut1on","Ukraine","","Offlane","29","6"
"Riddys","Ukraine","Natus Vincere","Support","20","1"
"Shin丶Ra","Ukraine","","Mid","28","0"
"Shisui","Ukraine","","Mid","27","0"
"State21","Ukraine","","Mid","","0"
"StoneBank","Ukraine","","Offlane","26","0"
"Time2Die","Ukraine","","Offlane","","0"
"V-Tune","Ukraine","","Carry","26","0"
"Yatoro","Ukraine","Team Spirit","Carry","23","6"
"Yuragi","Ukraine","","Carry","24","1"
"dark","Ukraine","","Support","28","0"
"dualrazee","Ukraine","","Mid","22","0"
"fortniteMan","Ukraine","","Offlane","23","0"
"gotthejuice","Ukraine","Natus Vincere","Carry","21","1"
"illusion","Ukraine","","Support","23","0"
"kaori","Ukraine","Aurora Gaming","Carry5","24","2"
"kreker","Ukraine","Team Lynx","Support","23","0"
"laise","Ukraine","IC x Insanity","Offlane","25","0"
"lightless","Ukraine","","Carry","27","0"
"lorenof","Ukraine","Nigma Galaxy","Mid","23","2"
"mangekyou","Ukraine, Poland","","Offlane","21","0"
"mellojul","Ukraine","Team Lynx","Mid","26","0"
"nefrit","Ukraine","Zero Tenacity","Offlane","29","0"
"niche","Ukraine","Ilbirs eSports","Mid","24","0"
"pJon","Ukraine","","Offlane","27","0"
"pma","Ukraine","Natus Vincere","Offlane","20","1"
"rincyq","Ukraine","","Carry","21","0"
"shigetsu","Ukraine","Yellow Submarine","Carry","22","0"
"yowaai","Ukraine","RE Arise","Carry","23","0"
"4liver","Ukraine","","Other","34","0"
"ALWAYSWANNAFLY","Ukraine","","Coach","35","3"
"Artstyle","Ukraine","IC x Insanity","Coach","37","4"
"DkPhobos","Ukraine","","Offlane","36","1"
"DonStepan","Ukraine","","Other","44","0"
"Goblak","Ukraine","","Support","37","1"
"Heaven","Ukraine","Zero Tenacity","Coach","25","0"
"JUSTICE","Ukraine","","Other","","0"
"KVYZEE","Ukraine","","Other","26","0"
"Mag","Ukraine","Rune Eaters","Coach","36","2"
"Mtrx4u","Ukraine","","Other","37","0"
"STORM","Ukraine","","Other","31","0"
"Sh4dowehhh","Ukraine","","Coach","30","0"
"TaiTake","Ukraine","","Other","","0"
"Tekcac","Ukraine","","Other","34","0"
"Telpecarne","Ukraine","","Other","","0"
"Tonya","Ukraine","IC x Insanity","Other","33","0"
"XBOCT","Ukraine","","Coach","35","5"
"distilled","Ukraine","","Coach","","0"
"fn","Ukraine","","Coach","32","1"
"violinUA","Ukraine","","Other","34","0"
"чикиряу","Ukraine","","Coach","","0"
"Attacker","United Arab Emirates","Nigma Galaxy","Mid","32","0"
"Adzantick","United Kingdom","","Mid","27","0"
"Ari","United Kingdom","1w Team","Carry4","23","2"
"Beesa","United Kingdom, Jordan","","Carry","32","0"
"Overlom","United Kingdom","","Support","","0"
"TANNER","United Kingdom","","Support","28","0"
"symetricaL","United Kingdom","","Offlane","25","0"
"2GD","United Kingdom","","Other","43","0"
"Machine","United Kingdom","","Other","32","0"
"Malystryx","United Kingdom","","Other","","0"
"MoFarah","United Kingdom","","Other","","0"
"Redeye","United Kingdom, Ireland","","Other","54","0"
"ros","United Kingdom","","Coach","31","0"
"04","United States","","Support","","0"
"Bdiz","United States","","Support","","0"
"Bloody Nine","United States","","Support","33","0"
"Brax","United States","","Offlane","32","2"
"Cak3z","United States","","Offlane","","0"
"Chen","United States, China","","Support","28","0"
"Corey","United States","","Carry","","0"
"DoubleKing","United States","","Carry","21","0"
"DurpDurp","United States","Wheel Whreck","Support","","0"
"Eagle","United States","","Support","","0"
"FLUFFNSTUFF","United States","","Support","34","2"
"FLee","United States, Philippines","","Support","28","0"
"Fayde","United States","GamerLegion","Offlane","27","2"
"Fly.","United States, China","","Support","","0"
"FlyingZebra","United States","","Support","","0"
"Fun","United States","","Support","32","0"
"Giant","United States","","Support","","0"
"Gunnar","United States","","Offlane","26","2"
"HANNAH_MONTANA","United States","","Offlane","34","1"
"Husky","United States","","Support","27","0"
"Italiano Gangstar","United States, Poland","","Offlane","24","0"
"Kitrak","United States","","Support","27","0"
"Kitzz","United States","","Mid","24","0"
"Korok","United States","","Carry","32","2"
"KvH","United States","","Carry","","0"
"Lil_Nick","United States","","Offlane","","0"
"LokarN","United States","","Offlane","","0"
"MJW","United States","","Offlane","","0"
"MSS","United States","","Support","30","6"
"Mark","United States","","Mid","","0"
"Monster","United States","","Offlane","29","0"
"Moo","United States","","Offlane","30","2"
"Napkin","United States","Kobravex Gaming","Offlane","24","0"
"Newsham","United States","Fart Studios","Support","","0"
"Pandaego","United States","","Support","","0"
"Quinn","United States","","Mid","26","6"
"RCY","United States, Philippines","GamerLegion","Mid","20","2"
"RRL","United States","","Mid","","0"
"Reaves","United States","","Other","","0"
"Riser","United States","","Support","","0"
"Ritsu","United States","","Carry","","0"
"Ryoya","United States","","Mid","","0"
"RyuUboruZ","United States","","Mid","","0"
"Salivating Salamander 37","United States","","Support","","0"
"Sammyboy","United States","","Carry","26","0"
"Sanctified","United States","","Support","","0"
"Save","United States","","Support","32","0"
"Scourge McDuck","United States","","Carry","","0"
"Shiibbyy","United States","","Mid","","0"
"Shoe","United States, Ukraine","","Support","","0"
"Skyward","United States","","Support","23","0"
"Slayer","United States","","Support","","0"
"Sneyking","United States, China","Team Falcons","Carry5","31","9"
"Speeed","United States","GamerLegion","Carry5","27","2"
"Stan King","United States","","Support","","0"
"Szabo666","United States","","Support","","0"
"The Warden","United States","","Support","27","0"
"Theyna","United States","","Support","29","0"
"TidesofTime","United States","","Support","34","0"
"Tralf","United States","","Support","","0"
"USH","United States","","Mid","","0"
"Universe","United States","","Other","36","7"
"Yamsun","United States","","Carry","25","2"
"YawaR","United States, Pakistan","","Carry","29","4"
"Zfreek","United States","","Support","32","1"
"albinozebra1","United States","","Support","","0"
"bgod","United States","","Support","23","0"
"dnm","United States","","Carry","23","0"
"empyreaN","United States","","Support","28","0"
"guanzo","United States","","Offlane","","0"
"ima_sheep(sux)","United States","","Support","","0"
"ixmike88","United States","","Support","35","2"
"jigglebilly","United States","","Carry","32","0"
"justin","United States","","Carry","","0"
"lies","United States, China","","Offlane","","0"
"monkeys-forever","United States","","Offlane","","0"
"ocean","United States","","Support","","0"
"oldWhite","United States, China","","Offlane","29","0"
"red2","United States","","Mid","25","0"
"whiteBeard","United States","","Support","","0"
"zero","United States","","Offlane","","0"
"AnneeDroid","United States","","Other","31","0"
"Ayesee","United States","","Other","41","0"
"BSJ","United States","Fart Studios","Other","34","0"
"Blaze","United States","","Other","36","0"
"BuLba","United States, India","Virtus.pro","Coach","35","5"
"DeMoN","United States","","Coach","36","4"
"DoublA","United States","Aurora Gaming","Support","28","0"
"Draskyl","United States","","Other","38","0"
"Fear","United States","","Other","38","4"
"Fogged","United States","","Other","36","2"
"GranDGranT","United States","","Support","36","0"
"Kpoptosis","United States","","Other","35","0"
"Kyle","United States","","Mid","34","1"
"LD","United States","","Other","40","0"
"Loomdun","United States","","Coach","","0"
"Luminous","United States","","Other","38","0"
"Maut","United States","","Other","35","0"
"Merlini","United States","","Other","38","0"
"Monolith","United States","","Other","","0"
"Nahaz","United States, Canada","","Other","50","0"
"Pythian","United States","","Other","","0"
"Rich","United States","","Other","","0"
"SVG","United States","","Support","32","2"
"Toffees","United States","","Other","","0"
"Zyori","United States","","Other","36","0"
"mason","United States","","Carry","34","2"
"ppd","United States","","Coach","34","5"
"Rises","Uruguay","","Carry","30","0"
"jAM3S","Uzbekistan","Bushido","Support","30","0"
"Gudii","Venezuela","","Support","34","0"
"458","Vietnam","","Carry","29","0"
"Biryu","Vietnam","","Support","","0"
"Datbb","Vietnam","","Carry","27","0"
"Red","Vietnam","","Offlane","30","0"
"Vivian","Vietnam","","Carry","32","0"
"Yasy","Vietnam","","Support","32","0"
"bombi","Vietnam","","Support","27","0"
"hunghung","Vietnam","","Mid","","0"
"old Yoda","Vietnam, United States","","Support","34","0"
"Magical","Vietnam","","Coach","33","0"
